VENDOR_NAME,REGION,CITY,CITY_CODE,PROJECT_NAME,PROJECT_ID,RESIDENCE_NAME,CLUSTER_NAME,CLUSTER_CODE,PREFIX_ADDRESS,STREET_NAME,HOUSE_NUMBER,BLOCK,FLOOR,RT,RW,DISTRICT,SUB_DISTRICT,ZIP_CODE,HOMEPASS STATUS ALL OPERATOR,SAMPLE RESULT - FIXED BROADBAND,SAMPLE RESULT - MOBILE CONNECTION,MOBILE DATA CONSUMPTION,USER MOVEMENT TO OTHER OPERATOR - FIXED BB,NUMBER OF DEVICE
FIBERHOME,BANTEN,TANGERANG SELATAN,TGRS,KAV DKI MERUYA RW.10 EXTENSION,-,KAV DKI MERUYA,KAV DKI MERUYA,DKI10,JL.,PENYELESAIAN TOMANG III,21,47,-,-,10,KEMBANGAN,MERUYA UTARA,11620,,,,,,
FIBERHOME,BANTEN,TANGERANG SELATAN,TGRS,KAV DKI MERUYA RW.10 EXTENSION,-,KAV DKI MERUYA,KAV DKI MERUYA,DKI10,JL.,PENYELESAIAN TOMANG III,22,47,-,-,10,KEMBANGAN,MERUYA UTARA,11620,,,,,,
FIBERHOME,BANTEN,TANGERANG SELATAN,TGRS,KAV DKI MERUYA RW.10 EXTENSION,-,KAV DKI MERUYA,KAV DKI MERUYA,DKI10,JL.,PENYELESAIAN TOMANG III,23,47,-,-,10,KEMBANGAN,MERUYA UTARA,11620,,,,,,
FIBERHOME,BANTEN,TANGERANG SELATAN,TGRS,KAV DKI MERUYA RW.10 EXTENSION,-,KAV DKI MERUYA,KAV DKI MERUYA,DKI10,JL.,PENYELESAIAN TOMANG III,23A,47,-,-,10,KEMBANGAN,MERUYA UTARA,11620,,,,,,
FIBERHOME,BANTEN,TANGERANG SELATAN,TGRS,KAV DKI MERUYA RW.10 EXTENSION,-,KAV DKI MERUYA,KAV DKI MERUYA,DKI10,JL.,PENYELESAIAN TOMANG III,24,47,-,-,10,KEMBANGAN,MERUYA UTARA,11620,,,,,,
FIBERHOME,BANTEN,TANGERANG SELATAN,TGRS,KAV DKI MERUYA RW.10 EXTENSION,-,KAV DKI MERUYA,KAV DKI MERUYA,DKI10,JL.,TERATAI I,11,50,-,-,10,KEMBANGAN,MERUYA UTARA,11620,,,,,,
FIBERHOME,BANTEN,TANGERANG SELATAN,TGRS,KAV DKI MERUYA RW.10 EXTENSION,-,KAV DKI MERUYA,KAV DKI MERUYA,DKI10,JL.,TERATAI I,13,50,-,-,10,KEMBANGAN,MERUYA UTARA,11620,,,,,,
FIBERHOME,BANTEN,TANGERANG SELATAN,TGRS,KAV DKI MERUYA RW.10 EXTENSION,-,KAV DKI MERUYA,KAV DKI MERUYA,DKI10,JL.,TERATAI I,16,50,-,-,10,KEMBANGAN,MERUYA UTARA,11620,,,,,,
FIBERHOME,BANTEN,TANGERANG SELATAN,TGRS,KAV DKI MERUYA RW.10 EXTENSION,-,KAV DKI MERUYA,KAV DKI MERUYA,DKI10,JL.,TERATAI I,12,51,-,-,10,KEMBANGAN,MERUYA UTARA,11620,,,,,,
FIBERHOME,BANTEN,TANGERANG SELATAN,TGRS,KAV DKI MERUYA RW.10 EXTENSION,-,KAV DKI MERUYA,KAV DKI MERUYA,DKI10,JL.,TERATAI I,13,51,-,-,10,KEMBANGAN,MERUYA UTARA,11620,,,,,,
FIBERHOME,BANTEN,TANGERANG SELATAN,TGRS,KAV DKI MERUYA RW.10 EXTENSION,-,KAV DKI MERUYA,KAV DKI MERUYA,DKI10,JL.,TERATAI I,15,51,-,-,10,KEMBANGAN,MERUYA UTARA,11620,,,,,,
FIBERHOME,BANTEN,TANGERANG SELATAN,TGRS,KAV DKI MERUYA RW.10 EXTENSION,-,KAV DKI MERUYA,KAV DKI MERUYA,DKI10,JL.,TERATAI I,2,51,-,-,10,KEMBANGAN,MERUYA UTARA,11620,,,,,,
FIBERHOME,BANTEN,TANGERANG SELATAN,TGRS,KAV DKI MERUYA RW.10 EXTENSION,-,KAV DKI MERUYA,KAV DKI MERUYA,DKI10,JL.,TERATAI I,3,51,-,-,10,KEMBANGAN,MERUYA UTARA,11620,,,,,,
FIBERHOME,BANTEN,TANGERANG SELATAN,TGRS,KAV DKI MERUYA RW.10 EXTENSION,-,KAV DKI MERUYA,KAV DKI MERUYA,DKI10,JL.,TERATAI I,17,50,-,-,10,KEMBANGAN,MERUYA UTARA,11620,,,,,,
FIBERHOME,BANTEN,TANGERANG SELATAN,TGRS,KAV DKI MERUYA RW.10 EXTENSION,-,KAV DKI MERUYA,KAV DKI MERUYA,DKI10,JL.,TERATAI I,18,50,-,-,10,KEMBANGAN,MERUYA UTARA,11620,,,,,,
FIBERHOME,BANTEN,TANGERANG SELATAN,TGRS,KAV DKI MERUYA RW.10 EXTENSION,-,KAV DKI MERUYA,KAV DKI MERUYA,DKI10,JL.,TERATAI I,19,50,-,-,10,KEMBANGAN,MERUYA UTARA,11620,,,,,,
FIBERHOME,BANTEN,TANGERANG SELATAN,TGRS,KAV DKI MERUYA RW.10 EXTENSION,-,KAV DKI MERUYA,KAV DKI MERUYA,DKI10,JL.,TERATAI I,20,50,-,-,10,KEMBANGAN,MERUYA UTARA,11620,,,,,,
FIBERHOME,BANTEN,TANGERANG SELATAN,TGRS,KAV DKI MERUYA RW.10 EXTENSION,-,KAV DKI MERUYA,KAV DKI MERUYA,DKI10,JL.,TERATAI I,22,50,-,-,10,KEMBANGAN,MERUYA UTARA,11620,,,,,,
FIBERHOME,BANTEN,TANGERANG SELATAN,TGRS,KAV DKI MERUYA RW.10 EXTENSION,-,KAV DKI MERUYA,KAV DKI MERUYA,DKI10,JL.,TERATAI I,24,50,-,-,10,KEMBANGAN,MERUYA UTARA,11620,,,,,,
FIBERHOME,BANTEN,TANGERANG SELATAN,TGRS,KAV DKI MERUYA RW.10 EXTENSION,-,KAV DKI MERUYA,KAV DKI MERUYA,DKI10,JL.,TERATAI I,25,50,-,-,10,KEMBANGAN,MERUYA UTARA,11620,,,,,,
FIBERHOME,BANTEN,TANGERANG SELATAN,TGRS,KAV DKI MERUYA RW.10 EXTENSION,-,KAV DKI MERUYA,KAV DKI MERUYA,DKI10,JL.,TERATAI II,25,51,-,-,10,KEMBANGAN,MERUYA UTARA,11620,,,,,,
FIBERHOME,BANTEN,TANGERANG SELATAN,TGRS,KAV DKI MERUYA RW.10 EXTENSION,-,KAV DKI MERUYA,KAV DKI MERUYA,DKI10,JL.,TERATAI II,28,51,-,-,10,KEMBANGAN,MERUYA UTARA,11620,,,,,,
FIBERHOME,BANTEN,TANGERANG SELATAN,TGRS,KAV DKI MERUYA RW.10 EXTENSION,-,KAV DKI MERUYA,KAV DKI MERUYA,DKI10,JL.,TERATAI II,29,51,-,-,10,KEMBANGAN,MERUYA UTARA,11620,,,,,,
FIBERHOME,BANTEN,TANGERANG SELATAN,TGRS,KAV DKI MERUYA RW.10 EXTENSION,-,KAV DKI MERUYA,KAV DKI MERUYA,DKI10,JL.,TERATAI II,1,52,-,-,10,KEMBANGAN,MERUYA UTARA,11620,,,,,,
FIBERHOME,BANTEN,TANGERANG SELATAN,TGRS,KAV DKI MERUYA RW.10 EXTENSION,-,KAV DKI MERUYA,KAV DKI MERUYA,DKI10,JL.,TERATAI II,2,52,-,-,10,KEMBANGAN,MERUYA UTARA,11620,,,,,,
FIBERHOME,BANTEN,TANGERANG SELATAN,TGRS,KAV DKI MERUYA RW.10 EXTENSION,-,KAV DKI MERUYA,KAV DKI MERUYA,DKI10,JL.,TERATAI II,3,52,-,-,10,KEMBANGAN,MERUYA UTARA,11620,,,,,,
FIBERHOME,BANTEN,TANGERANG SELATAN,TGRS,KAV DKI MERUYA RW.10 EXTENSION,-,KAV DKI MERUYA,KAV DKI MERUYA,DKI10,JL.,PENYELESAIAN TOMANG IV,FASUM,-,-,-,10,KEMBANGAN,MERUYA UTARA,11620,,,,,,
FIBERHOME,BANTEN,TANGERANG SELATAN,TGRS,KAV DKI MERUYA RW.10 EXTENSION,-,KAV DKI MERUYA,KAV DKI MERUYA,DKI10,JL.,PENYELESAIAN TOMANG IV,32C,51,-,-,10,KEMBANGAN,MERUYA UTARA,11620,,,,,,
FIBERHOME,BANTEN,TANGERANG SELATAN,TGRS,KAV DKI MERUYA RW.10 EXTENSION,-,KAV DKI MERUYA,KAV DKI MERUYA,DKI10,JL.,KECAPI,13-14,69,-,-,10,KEMBANGAN,MERUYA UTARA,11620,,,,,,
FIBERHOME,BANTEN,TANGERANG SELATAN,TGRS,KAV DKI MERUYA RW.10 EXTENSION,-,KAV DKI MERUYA,KAV DKI MERUYA,DKI10,JL.,KECAPI,19-20,74,-,-,10,KEMBANGAN,MERUYA UTARA,11620,,,,,,
FIBERHOME,BANTEN,TANGERANG SELATAN,TGRS,KAV DKI MERUYA RW.10 EXTENSION,-,KAV DKI MERUYA,KAV DKI MERUYA,DKI10,JL.,KECAPI,14,74,-,-,10,KEMBANGAN,MERUYA UTARA,11620,,,,,,
FIBERHOME,BANTEN,TANGERANG SELATAN,TGRS,KAV DKI MERUYA RW.10 EXTENSION,-,KAV DKI MERUYA,KAV DKI MERUYA,DKI10,JL.,KECAPI,16,74,-,-,10,KEMBANGAN,MERUYA UTARA,11620,,,,,,
FIBERHOME,BANTEN,TANGERANG SELATAN,TGRS,KAV DKI MERUYA RW.10 EXTENSION,-,KAV DKI MERUYA,KAV DKI MERUYA,DKI10,JL.,KECAPI,17,73,-,-,10,KEMBANGAN,MERUYA UTARA,11620,,,,,,
FIBERHOME,BANTEN,TANGERANG SELATAN,TGRS,KAV DKI MERUYA RW.10 EXTENSION,-,KAV DKI MERUYA,KAV DKI MERUYA,DKI10,JL.,KECAPI,13,74,-,-,10,KEMBANGAN,MERUYA UTARA,11620,,,,,,
FIBERHOME,BANTEN,TANGERANG SELATAN,TGRS,KAV DKI MERUYA RW.10 EXTENSION,-,KAV DKI MERUYA,KAV DKI MERUYA,DKI10,JL.,KECAPI,18,73,-,-,10,KEMBANGAN,MERUYA UTARA,11620,,,,,,
FIBERHOME,BANTEN,TANGERANG SELATAN,TGRS,KAV DKI MERUYA RW.10 EXTENSION,-,KAV DKI MERUYA,KAV DKI MERUYA,DKI10,JL.,KECAPI,7,74,-,-,10,KEMBANGAN,MERUYA UTARA,11620,,,,,,
FIBERHOME,BANTEN,TANGERANG SELATAN,TGRS,KAV DKI MERUYA RW.10 EXTENSION,-,KAV DKI MERUYA,KAV DKI MERUYA,DKI10,JL.,KECAPI II,7,71,-,-,10,KEMBANGAN,MERUYA UTARA,11620,,,,,,
FIBERHOME,BANTEN,TANGERANG SELATAN,TGRS,KAV DKI MERUYA RW.10 EXTENSION,-,KAV DKI MERUYA,KAV DKI MERUYA,DKI10,JL.,KECAPI II,10,71,-,-,10,KEMBANGAN,MERUYA UTARA,11620,,,,,,
FIBERHOME,BANTEN,TANGERANG SELATAN,TGRS,KAV DKI MERUYA RW.10 EXTENSION,-,KAV DKI MERUYA,KAV DKI MERUYA,DKI10,JL.,KECAPI II,11,73,-,-,10,KEMBANGAN,MERUYA UTARA,11620,,,,,,
FIBERHOME,BANTEN,TANGERANG SELATAN,TGRS,KAV DKI MERUYA RW.10 EXTENSION,-,KAV DKI MERUYA,KAV DKI MERUYA,DKI10,JL.,KECAPI II,12,73,-,-,10,KEMBANGAN,MERUYA UTARA,11620,,,,,,
FIBERHOME,BANTEN,TANGERANG SELATAN,TGRS,KAV DKI MERUYA RW.10 EXTENSION,-,KAV DKI MERUYA,KAV DKI MERUYA,DKI10,JL.,KECAPI II,13,73,-,-,10,KEMBANGAN,MERUYA UTARA,11620,,,,,,
FIBERHOME,BANTEN,TANGERANG SELATAN,TGRS,KAV DKI MERUYA RW.10 EXTENSION,-,KAV DKI MERUYA,KAV DKI MERUYA,DKI10,JL.,KECAPI II,7,73,-,-,10,KEMBANGAN,MERUYA UTARA,11620,,,,,,
FIBERHOME,BANTEN,TANGERANG SELATAN,TGRS,KAV DKI MERUYA RW.10 EXTENSION,-,KAV DKI MERUYA,KAV DKI MERUYA,DKI10,JL.,KECAPI II,8,73,-,-,10,KEMBANGAN,MERUYA UTARA,11620,,,,,,
FIBERHOME,BANTEN,TANGERANG SELATAN,TGRS,KAV DKI MERUYA RW.10 EXTENSION,-,KAV DKI MERUYA,KAV DKI MERUYA,DKI10,JL.,KECAPI II,8A,71,-,-,10,KEMBANGAN,MERUYA UTARA,11620,,,,,,
FIBERHOME,BANTEN,TANGERANG SELATAN,TGRS,KAV DKI MERUYA RW.10 EXTENSION,-,KAV DKI MERUYA,KAV DKI MERUYA,DKI10,JL.,KECAPI I,17,69,-,-,10,KEMBANGAN,MERUYA UTARA,11620,,,,,,
FIBERHOME,BANTEN,TANGERANG SELATAN,TGRS,KAV DKI MERUYA RW.10 EXTENSION,-,KAV DKI MERUYA,KAV DKI MERUYA,DKI10,JL.,KECAPI I,18,69,-,-,10,KEMBANGAN,MERUYA UTARA,11620,,,,,,
FIBERHOME,BANTEN,TANGERANG SELATAN,TGRS,KAV DKI MERUYA RW.10 EXTENSION,-,KAV DKI MERUYA,KAV DKI MERUYA,DKI10,JL.,KECAPI I,20,69,-,-,10,KEMBANGAN,MERUYA UTARA,11620,,,,,,
FIBERHOME,BANTEN,TANGERANG SELATAN,TGRS,KAV DKI MERUYA RW.10 EXTENSION,-,KAV DKI MERUYA,KAV DKI MERUYA,DKI10,JL.,KECAPI I,23,69,-,-,10,KEMBANGAN,MERUYA UTARA,11620,,,,,,
FIBERHOME,BANTEN,TANGERANG SELATAN,TGRS,KAV DKI MERUYA RW.10 EXTENSION,-,KAV DKI MERUYA,KAV DKI MERUYA,DKI10,JL.,KECAPI I,24,69,-,-,10,KEMBANGAN,MERUYA UTARA,11620,,,,,,
FIBERHOME,BANTEN,TANGERANG SELATAN,TGRS,KAV DKI MERUYA RW.10 EXTENSION,-,KAV DKI MERUYA,KAV DKI MERUYA,DKI10,JL.,KECAPI III,11,70,-,-,10,KEMBANGAN,MERUYA UTARA,11620,,,,,,
FIBERHOME,BANTEN,TANGERANG SELATAN,TGRS,KAV DKI MERUYA RW.10 EXTENSION,-,KAV DKI MERUYA,KAV DKI MERUYA,DKI10,JL.,KECAPI III,12,70,-,-,10,KEMBANGAN,MERUYA UTARA,11620,,,,,,
FIBERHOME,BANTEN,TANGERANG SELATAN,TGRS,KAV DKI MERUYA RW.10 EXTENSION,-,KAV DKI MERUYA,KAV DKI MERUYA,DKI10,JL.,KECAPI III,4,71,-,-,10,KEMBANGAN,MERUYA UTARA,11620,,,,,,
FIBERHOME,BANTEN,TANGERANG SELATAN,TGRS,KAV DKI MERUYA RW.10 EXTENSION,-,KAV DKI MERUYA,KAV DKI MERUYA,DKI10,JL.,KECAPI II,6G,71,-,-,10,KEMBANGAN,MERUYA UTARA,11620,,,,,,
FIBERHOME,BANTEN,TANGERANG SELATAN,TGRS,KAV DKI MERUYA RW.10 EXTENSION,-,KAV DKI MERUYA,KAV DKI MERUYA,DKI10,JL.,KECAPI I,6,71,-,-,10,KEMBANGAN,MERUYA UTARA,11620,,,,,,
FIBERHOME,BANTEN,TANGERANG SELATAN,TGRS,KAV DKI MERUYA RW.10 EXTENSION,-,KAV DKI MERUYA,KAV DKI MERUYA,DKI10,JL.,H. BRIT I,13,65,-,-,10,KEMBANGAN,MERUYA UTARA,11620,,,,,,
FIBERHOME,BANTEN,TANGERANG SELATAN,TGRS,KAV DKI MERUYA RW.10 EXTENSION,-,KAV DKI MERUYA,KAV DKI MERUYA,DKI10,JL.,H. BRIT I,14,65,-,-,10,KEMBANGAN,MERUYA UTARA,11620,,,,,,
FIBERHOME,BANTEN,TANGERANG SELATAN,TGRS,KAV DKI MERUYA RW.10 EXTENSION,-,KAV DKI MERUYA,KAV DKI MERUYA,DKI10,JL.,H. BRIT I,15,65,-,-,10,KEMBANGAN,MERUYA UTARA,11620,,,,,,
FIBERHOME,BANTEN,TANGERANG SELATAN,TGRS,KAV DKI MERUYA RW.10 EXTENSION,-,KAV DKI MERUYA,KAV DKI MERUYA,DKI10,JL.,H. BRIT I,19,65,-,-,10,KEMBANGAN,MERUYA UTARA,11620,,,,,,
FIBERHOME,BANTEN,TANGERANG SELATAN,TGRS,KAV DKI MERUYA RW.10 EXTENSION,-,KAV DKI MERUYA,KAV DKI MERUYA,DKI10,JL.,H. BRIT I,20,65,-,-,10,KEMBANGAN,MERUYA UTARA,11620,,,,,,
FIBERHOME,BANTEN,TANGERANG SELATAN,TGRS,KAV DKI MERUYA RW.10 EXTENSION,-,KAV DKI MERUYA,KAV DKI MERUYA,DKI10,JL.,H. BRIT I,8-9,66,-,-,10,KEMBANGAN,MERUYA UTARA,11620,,,,,,
FIBERHOME,BANTEN,TANGERANG SELATAN,TGRS,KAV DKI MERUYA RW.10 EXTENSION,-,KAV DKI MERUYA,KAV DKI MERUYA,DKI10,JL.,H. BRIT I,10,66,-,-,10,KEMBANGAN,MERUYA UTARA,11620,,,,,,
FIBERHOME,BANTEN,TANGERANG SELATAN,TGRS,KAV DKI MERUYA RW.10 EXTENSION,-,KAV DKI MERUYA,KAV DKI MERUYA,DKI10,JL.,H. BRIT I,11,66,-,-,10,KEMBANGAN,MERUYA UTARA,11620,,,,,,
FIBERHOME,BANTEN,TANGERANG SELATAN,TGRS,KAV DKI MERUYA RW.10 EXTENSION,-,KAV DKI MERUYA,KAV DKI MERUYA,DKI10,JL.,H. BRIT I,12,66,-,-,10,KEMBANGAN,MERUYA UTARA,11620,,,,,,
FIBERHOME,BANTEN,TANGERANG SELATAN,TGRS,KAV DKI MERUYA RW.10 EXTENSION,-,KAV DKI MERUYA,KAV DKI MERUYA,DKI10,JL.,H. BRIT I,16,68,-,-,10,KEMBANGAN,MERUYA UTARA,11620,,,,,,
FIBERHOME,BANTEN,TANGERANG SELATAN,TGRS,KAV DKI MERUYA RW.10 EXTENSION,-,KAV DKI MERUYA,KAV DKI MERUYA,DKI10,JL.,H. BRIT I,1,66,-,-,10,KEMBANGAN,MERUYA UTARA,11620,,,,,,
FIBERHOME,BANTEN,TANGERANG SELATAN,TGRS,KAV DKI MERUYA RW.10 EXTENSION,-,KAV DKI MERUYA,KAV DKI MERUYA,DKI10,JL.,H. BRIT I,2,66,-,-,10,KEMBANGAN,MERUYA UTARA,11620,,,,,,
FIBERHOME,BANTEN,TANGERANG SELATAN,TGRS,KAV DKI MERUYA RW.10 EXTENSION,-,KAV DKI MERUYA,KAV DKI MERUYA,DKI10,JL.,H. BRIT I,3,66,-,-,10,KEMBANGAN,MERUYA UTARA,11620,,,,,,
FIBERHOME,BANTEN,TANGERANG SELATAN,TGRS,KAV DKI MERUYA RW.10 EXTENSION,-,KAV DKI MERUYA,KAV DKI MERUYA,DKI10,JL.,H. BRIT I,4,66,-,-,10,KEMBANGAN,MERUYA UTARA,11620,,,,,,
FIBERHOME,BANTEN,TANGERANG SELATAN,TGRS,KAV DKI MERUYA RW.10 EXTENSION,-,KAV DKI MERUYA,KAV DKI MERUYA,DKI10,JL.,H. BRIT I,5,66,-,-,10,KEMBANGAN,MERUYA UTARA,11620,,,,,,
FIBERHOME,BANTEN,TANGERANG SELATAN,TGRS,KAV DKI MERUYA RW.10 EXTENSION,-,KAV DKI MERUYA,KAV DKI MERUYA,DKI10,JL.,H. BRIT I,6-7,66,-,-,10,KEMBANGAN,MERUYA UTARA,11620,,,,,,
FIBERHOME,BANTEN,TANGERANG SELATAN,TGRS,KAV DKI MERUYA RW.10 EXTENSION,-,KAV DKI MERUYA,KAV DKI MERUYA,DKI10,JL.,H. BRIT I,21,65,-,-,10,KEMBANGAN,MERUYA UTARA,11620,,,,,,
FIBERHOME,BANTEN,TANGERANG SELATAN,TGRS,KAV DKI MERUYA RW.10 EXTENSION,-,KAV DKI MERUYA,KAV DKI MERUYA,DKI10,JL.,H. BRIT I,22,65,-,-,10,KEMBANGAN,MERUYA UTARA,11620,,,,,,
FIBERHOME,BANTEN,TANGERANG SELATAN,TGRS,KAV DKI MERUYA RW.10 EXTENSION,-,KAV DKI MERUYA,KAV DKI MERUYA,DKI10,JL.,H. BRIT I,24,65,-,-,10,KEMBANGAN,MERUYA UTARA,11620,,,,,,
FIBERHOME,BANTEN,TANGERANG SELATAN,TGRS,KAV DKI MERUYA RW.10 EXTENSION,-,KAV DKI MERUYA,KAV DKI MERUYA,DKI10,JL.,H. BRIT,23,63,-,-,10,KEMBANGAN,MERUYA UTARA,11620,,,,,,
FIBERHOME,BANTEN,TANGERANG SELATAN,TGRS,KAV DKI MERUYA RW.10 EXTENSION,-,KAV DKI MERUYA,KAV DKI MERUYA,DKI10,JL.,H. BRIT,23A,63,-,-,10,KEMBANGAN,MERUYA UTARA,11620,,,,,,
FIBERHOME,BANTEN,TANGERANG SELATAN,TGRS,KAV DKI MERUYA RW.10 EXTENSION,-,KAV DKI MERUYA,KAV DKI MERUYA,DKI10,JL.,H. BRIT,28,63,-,-,10,KEMBANGAN,MERUYA UTARA,11620,,,,,,
FIBERHOME,BANTEN,TANGERANG SELATAN,TGRS,KAV DKI MERUYA RW.10 EXTENSION,-,KAV DKI MERUYA,KAV DKI MERUYA,DKI10,JL.,H. BRIT,25,66,-,-,10,KEMBANGAN,MERUYA UTARA,11620,,,,,,
FIBERHOME,BANTEN,TANGERANG SELATAN,TGRS,KAV DKI MERUYA RW.10 EXTENSION,-,KAV DKI MERUYA,KAV DKI MERUYA,DKI10,JL.,H. BRIT,26,66,-,-,10,KEMBANGAN,MERUYA UTARA,11620,,,,,,
FIBERHOME,BANTEN,TANGERANG SELATAN,TGRS,KAV DKI MERUYA RW.10 EXTENSION,-,KAV DKI MERUYA,KAV DKI MERUYA,DKI10,JL.,H. BRIT,1A,64,-,-,10,KEMBANGAN,MERUYA UTARA,11620,,,,,,
FIBERHOME,BANTEN,TANGERANG SELATAN,TGRS,KAV DKI MERUYA RW.10 EXTENSION,-,KAV DKI MERUYA,KAV DKI MERUYA,DKI10,JL.,H. BRIT,2,64,-,-,10,KEMBANGAN,MERUYA UTARA,11620,,,,,,
FIBERHOME,BANTEN,TANGERANG SELATAN,TGRS,KAV DKI MERUYA RW.10 EXTENSION,-,KAV DKI MERUYA,KAV DKI MERUYA,DKI10,JL.,H. BRIT,3,64,-,-,10,KEMBANGAN,MERUYA UTARA,11620,,,,,,
FIBERHOME,BANTEN,TANGERANG SELATAN,TGRS,KAV DKI MERUYA RW.10 EXTENSION,-,KAV DKI MERUYA,KAV DKI MERUYA,DKI10,JL.,H. BRIT,4,64,-,-,10,KEMBANGAN,MERUYA UTARA,11620,,,,,,
FIBERHOME,BANTEN,TANGERANG SELATAN,TGRS,KAV DKI MERUYA RW.10 EXTENSION,-,KAV DKI MERUYA,KAV DKI MERUYA,DKI10,JL.,H. BRIT,7,64,-,-,10,KEMBANGAN,MERUYA UTARA,11620,,,,,,
FIBERHOME,BANTEN,TANGERANG SELATAN,TGRS,KAV DKI MERUYA RW.10 EXTENSION,-,KAV DKI MERUYA,KAV DKI MERUYA,DKI10,JL.,H. BRIT,11-12,64,-,-,10,KEMBANGAN,MERUYA UTARA,11620,,,,,,
FIBERHOME,BANTEN,TANGERANG SELATAN,TGRS,KAV DKI MERUYA RW.10 EXTENSION,-,KAV DKI MERUYA,KAV DKI MERUYA,DKI10,JL.,H. BRIT,30,63,-,-,10,KEMBANGAN,MERUYA UTARA,11620,,,,,,
FIBERHOME,BANTEN,TANGERANG SELATAN,TGRS,KAV DKI MERUYA RW.10 EXTENSION,-,KAV DKI MERUYA,KAV DKI MERUYA,DKI10,JL.,H. BRIT,31,63,-,-,10,KEMBANGAN,MERUYA UTARA,11620,,,,,,
FIBERHOME,BANTEN,TANGERANG SELATAN,TGRS,KAV DKI MERUYA RW.10 EXTENSION,-,KAV DKI MERUYA,KAV DKI MERUYA,DKI10,JL.,H. BRIT,33,63,-,-,10,KEMBANGAN,MERUYA UTARA,11620,,,,,,
FIBERHOME,BANTEN,TANGERANG SELATAN,TGRS,KAV DKI MERUYA RW.10 EXTENSION,-,KAV DKI MERUYA,KAV DKI MERUYA,DKI10,JL.,H. BRIT,34,63,-,-,10,KEMBANGAN,MERUYA UTARA,11620,,,,,,
FIBERHOME,BANTEN,TANGERANG SELATAN,TGRS,KAV DKI MERUYA RW.10 EXTENSION,-,KAV DKI MERUYA,KAV DKI MERUYA,DKI10,JL.,H. BRIT,36,63,-,-,10,KEMBANGAN,MERUYA UTARA,11620,,,,,,
FIBERHOME,BANTEN,TANGERANG SELATAN,TGRS,KAV DKI MERUYA RW.10 EXTENSION,-,KAV DKI MERUYA,KAV DKI MERUYA,DKI10,JL.,H. BRIT,37,63,-,-,10,KEMBANGAN,MERUYA UTARA,11620,,,,,,
FIBERHOME,BANTEN,TANGERANG SELATAN,TGRS,KAV DKI MERUYA RW.10 EXTENSION,-,KAV DKI MERUYA,KAV DKI MERUYA,DKI10,JL.,H. BRIT,39,63,-,-,10,KEMBANGAN,MERUYA UTARA,11620,,,,,,
FIBERHOME,BANTEN,TANGERANG SELATAN,TGRS,KAV DKI MERUYA RW.10 EXTENSION,-,KAV DKI MERUYA,KAV DKI MERUYA,DKI10,JL.,H. BRIT,40,63,-,-,10,KEMBANGAN,MERUYA UTARA,11620,,,,,,
FIBERHOME,BANTEN,TANGERANG SELATAN,TGRS,KAV DKI MERUYA RW.10 EXTENSION,-,KAV DKI MERUYA,KAV DKI MERUYA,DKI10,JL.,PENYELESAIAN TOMANG IV,2,65,-,-,10,KEMBANGAN,MERUYA UTARA,11620,,,,,,
FIBERHOME,BANTEN,TANGERANG SELATAN,TGRS,KAV DKI MERUYA RW.10 EXTENSION,-,KAV DKI MERUYA,KAV DKI MERUYA,DKI10,JL.,PENYELESAIAN TOMANG IV,3,65,-,-,10,KEMBANGAN,MERUYA UTARA,11620,,,,,,
FIBERHOME,BANTEN,TANGERANG SELATAN,TGRS,KAV DKI MERUYA RW.10 EXTENSION,-,KAV DKI MERUYA,KAV DKI MERUYA,DKI10,JL.,PENYELESAIAN TOMANG IV,4,65,-,-,10,KEMBANGAN,MERUYA UTARA,11620,,,,,,
FIBERHOME,BANTEN,TANGERANG SELATAN,TGRS,KAV DKI MERUYA RW.10 EXTENSION,-,KAV DKI MERUYA,KAV DKI MERUYA,DKI10,JL.,BONSAI,13,63,-,-,10,KEMBANGAN,MERUYA UTARA,11620,,,,,,
FIBERHOME,BANTEN,TANGERANG SELATAN,TGRS,KAV DKI MERUYA RW.10 EXTENSION,-,KAV DKI MERUYA,KAV DKI MERUYA,DKI10,JL.,BONSAI,14,63,-,-,10,KEMBANGAN,MERUYA UTARA,11620,,,,,,
FIBERHOME,BANTEN,TANGERANG SELATAN,TGRS,KAV DKI MERUYA RW.10 EXTENSION,-,KAV DKI MERUYA,KAV DKI MERUYA,DKI10,JL.,BONSAI,16,63,-,-,10,KEMBANGAN,MERUYA UTARA,11620,,,,,,
FIBERHOME,BANTEN,TANGERANG SELATAN,TGRS,KAV DKI MERUYA RW.10 EXTENSION,-,KAV DKI MERUYA,KAV DKI MERUYA,DKI10,JL.,BONSAI,17,63,-,-,10,KEMBANGAN,MERUYA UTARA,11620,,,,,,
FIBERHOME,BANTEN,TANGERANG SELATAN,TGRS,KAV DKI MERUYA RW.10 EXTENSION,-,KAV DKI MERUYA,KAV DKI MERUYA,DKI10,JL.,BONSAI,13,61,-,-,10,KEMBANGAN,MERUYA UTARA,11620,,,,,,
FIBERHOME,BANTEN,TANGERANG SELATAN,TGRS,KAV DKI MERUYA RW.10 EXTENSION,-,KAV DKI MERUYA,KAV DKI MERUYA,DKI10,JL.,BONSAI,14,61,-,-,10,KEMBANGAN,MERUYA UTARA,11620,,,,,,
FIBERHOME,BANTEN,TANGERANG SELATAN,TGRS,KAV DKI MERUYA RW.10 EXTENSION,-,KAV DKI MERUYA,KAV DKI MERUYA,DKI10,JL.,MELATI,15,61,-,-,10,KEMBANGAN,MERUYA UTARA,11620,,,,,,
FIBERHOME,BANTEN,TANGERANG SELATAN,TGRS,KAV DKI MERUYA RW.10 EXTENSION,-,KAV DKI MERUYA,KAV DKI MERUYA,DKI10,JL.,BONSAI,14,62,-,-,10,KEMBANGAN,MERUYA UTARA,11620,,,,,,
FIBERHOME,BANTEN,TANGERANG SELATAN,TGRS,KAV DKI MERUYA RW.10 EXTENSION,-,KAV DKI MERUYA,KAV DKI MERUYA,DKI10,JL.,BONSAI,18,62,-,-,10,KEMBANGAN,MERUYA UTARA,11620,,,,,,
FIBERHOME,BANTEN,TANGERANG SELATAN,TGRS,KAV DKI MERUYA RW.10 EXTENSION,-,KAV DKI MERUYA,KAV DKI MERUYA,DKI10,JL.,BONSAI,4,63,-,-,10,KEMBANGAN,MERUYA UTARA,11620,,,,,,
FIBERHOME,BANTEN,TANGERANG SELATAN,TGRS,KAV DKI MERUYA RW.10 EXTENSION,-,KAV DKI MERUYA,KAV DKI MERUYA,DKI10,JL.,BONSAI,7,63,-,-,10,KEMBANGAN,MERUYA UTARA,11620,,,,,,
FIBERHOME,BANTEN,TANGERANG SELATAN,TGRS,KAV DKI MERUYA RW.10 EXTENSION,-,KAV DKI MERUYA,KAV DKI MERUYA,DKI10,JL.,BONSAI,10-11,63,-,-,10,KEMBANGAN,MERUYA UTARA,11620,,,,,,
FIBERHOME,BANTEN,TANGERANG SELATAN,TGRS,KAV DKI MERUYA RW.10 EXTENSION,-,KAV DKI MERUYA,KAV DKI MERUYA,DKI10,JL.,BONSAI,19,62,-,-,10,KEMBANGAN,MERUYA UTARA,11620,,,,,,
FIBERHOME,BANTEN,TANGERANG SELATAN,TGRS,KAV DKI MERUYA RW.10 EXTENSION,-,KAV DKI MERUYA,KAV DKI MERUYA,DKI10,JL.,BONSAI,20,62,-,-,10,KEMBANGAN,MERUYA UTARA,11620,,,,,,
FIBERHOME,BANTEN,TANGERANG SELATAN,TGRS,KAV DKI MERUYA RW.10 EXTENSION,-,KAV DKI MERUYA,KAV DKI MERUYA,DKI10,JL.,BONSAI,22,62,-,-,10,KEMBANGAN,MERUYA UTARA,11620,,,,,,
FIBERHOME,BANTEN,TANGERANG SELATAN,TGRS,KAV DKI MERUYA RW.10 EXTENSION,-,KAV DKI MERUYA,KAV DKI MERUYA,DKI10,JL.,BONSAI,23,62,-,-,10,KEMBANGAN,MERUYA UTARA,11620,,,,,,
FIBERHOME,BANTEN,TANGERANG SELATAN,TGRS,KAV DKI MERUYA RW.10 EXTENSION,-,KAV DKI MERUYA,KAV DKI MERUYA,DKI10,JL.,BONSAI,24,62,-,-,10,KEMBANGAN,MERUYA UTARA,11620,,,,,,
FIBERHOME,BANTEN,TANGERANG SELATAN,TGRS,KAV DKI MERUYA RW.10 EXTENSION,-,KAV DKI MERUYA,KAV DKI MERUYA,DKI10,JL.,BONSAI,25,62,-,-,10,KEMBANGAN,MERUYA UTARA,11620,,,,,,
FIBERHOME,BANTEN,TANGERANG SELATAN,TGRS,KAV DKI MERUYA RW.10 EXTENSION,-,KAV DKI MERUYA,KAV DKI MERUYA,DKI10,JL.,BONSAI,26,62,-,-,10,KEMBANGAN,MERUYA UTARA,11620,,,,,,
FIBERHOME,BANTEN,TANGERANG SELATAN,TGRS,KAV DKI MERUYA RW.10,,KAV DKI MERUYA,KAV DKI MERUYA,KDMS1,JL.,PENYELESAIAN TOMANG II,15,40,,-,10,KEMBANGAN,MERUYA UTARA,11620,,,,,,
FIBERHOME,BANTEN,TANGERANG SELATAN,TGRS,KAV DKI MERUYA RW.10,,KAV DKI MERUYA,KAV DKI MERUYA,KDMS1,JL.,PENYELESAIAN TOMANG II,16,40,,-,10,KEMBANGAN,MERUYA UTARA,11620,,,,,,
FIBERHOME,BANTEN,TANGERANG SELATAN,TGRS,KAV DKI MERUYA RW.10,,KAV DKI MERUYA,KAV DKI MERUYA,KDMS1,JL.,PENYELESAIAN TOMANG II,23,41,,-,10,KEMBANGAN,MERUYA UTARA,11620,,,,,,
FIBERHOME,BANTEN,TANGERANG SELATAN,TGRS,KAV DKI MERUYA RW.10,,KAV DKI MERUYA,KAV DKI MERUYA,KDMS1,JL.,PENYELESAIAN TOMANG II,15,42,,-,10,KEMBANGAN,MERUYA UTARA,11620,,,,,,
FIBERHOME,BANTEN,TANGERANG SELATAN,TGRS,KAV DKI MERUYA RW.10,,KAV DKI MERUYA,KAV DKI MERUYA,KDMS1,JL.,PENYELESAIAN TOMANG II,15A,42,,-,10,KEMBANGAN,MERUYA UTARA,11620,,,,,,
FIBERHOME,BANTEN,TANGERANG SELATAN,TGRS,KAV DKI MERUYA RW.10,,KAV DKI MERUYA,KAV DKI MERUYA,KDMS1,JL.,PENYELESAIAN TOMANG II,15B,42,,-,10,KEMBANGAN,MERUYA UTARA,11620,,,,,,
FIBERHOME,BANTEN,TANGERANG SELATAN,TGRS,KAV DKI MERUYA RW.10,,KAV DKI MERUYA,KAV DKI MERUYA,KDMS1,JL.,PENYELESAIAN TOMANG II,5,43,,-,10,KEMBANGAN,MERUYA UTARA,11620,,,,,,
FIBERHOME,BANTEN,TANGERANG SELATAN,TGRS,KAV DKI MERUYA RW.10,,KAV DKI MERUYA,KAV DKI MERUYA,KDMS1,JL.,--,22,42,,-,10,KEMBANGAN,MERUYA UTARA,11620,,,,,,
FIBERHOME,BANTEN,TANGERANG SELATAN,TGRS,KAV DKI MERUYA RW.10,,KAV DKI MERUYA,KAV DKI MERUYA,KDMS1,JL.,--,23,42,,-,10,KEMBANGAN,MERUYA UTARA,11620,,,,,,
FIBERHOME,BANTEN,TANGERANG SELATAN,TGRS,KAV DKI MERUYA RW.10,,KAV DKI MERUYA,KAV DKI MERUYA,KDMS1,JL.,--,24,42,,-,10,KEMBANGAN,MERUYA UTARA,11620,,,,,,
FIBERHOME,BANTEN,TANGERANG SELATAN,TGRS,KAV DKI MERUYA RW.10,,KAV DKI MERUYA,KAV DKI MERUYA,KDMS1,JL.,--,25,42,,-,10,KEMBANGAN,MERUYA UTARA,11620,,,,,,
FIBERHOME,BANTEN,TANGERANG SELATAN,TGRS,KAV DKI MERUYA RW.10,,KAV DKI MERUYA,KAV DKI MERUYA,KDMS1,JL.,--,28,42,,-,10,KEMBANGAN,MERUYA UTARA,11620,,,,,,
FIBERHOME,BANTEN,TANGERANG SELATAN,TGRS,KAV DKI MERUYA RW.10,,KAV DKI MERUYA,KAV DKI MERUYA,KDMS1,JL.,--,29,42,,-,10,KEMBANGAN,MERUYA UTARA,11620,,,,,,
FIBERHOME,BANTEN,TANGERANG SELATAN,TGRS,KAV DKI MERUYA RW.10,,KAV DKI MERUYA,KAV DKI MERUYA,KDMS1,JL.,--,30,42,,-,10,KEMBANGAN,MERUYA UTARA,11620,,,,,,
FIBERHOME,BANTEN,TANGERANG SELATAN,TGRS,KAV DKI MERUYA RW.10,,KAV DKI MERUYA,KAV DKI MERUYA,KDMS1,JL.,--,1,48,,-,10,KEMBANGAN,MERUYA UTARA,11620,,,,,,
FIBERHOME,BANTEN,TANGERANG SELATAN,TGRS,KAV DKI MERUYA RW.10,,KAV DKI MERUYA,KAV DKI MERUYA,KDMS1,JL.,--,2,48,,-,10,KEMBANGAN,MERUYA UTARA,11620,,,,,,
FIBERHOME,BANTEN,TANGERANG SELATAN,TGRS,KAV DKI MERUYA RW.10,,KAV DKI MERUYA,KAV DKI MERUYA,KDMS1,JL.,--,4,48,,-,10,KEMBANGAN,MERUYA UTARA,11620,,,,,,
FIBERHOME,BANTEN,TANGERANG SELATAN,TGRS,KAV DKI MERUYA RW.10,,KAV DKI MERUYA,KAV DKI MERUYA,KDMS1,JL.,--,5,48,,-,10,KEMBANGAN,MERUYA UTARA,11620,,,,,,
FIBERHOME,BANTEN,TANGERANG SELATAN,TGRS,KAV DKI MERUYA RW.10,,KAV DKI MERUYA,KAV DKI MERUYA,KDMS1,JL.,--,4B,43,,-,10,KEMBANGAN,MERUYA UTARA,11620,,,,,,
FIBERHOME,BANTEN,TANGERANG SELATAN,TGRS,KAV DKI MERUYA RW.10,,KAV DKI MERUYA,KAV DKI MERUYA,KDMS1,JL.,--,4A,43,,-,10,KEMBANGAN,MERUYA UTARA,11620,,,,,,
FIBERHOME,BANTEN,TANGERANG SELATAN,TGRS,KAV DKI MERUYA RW.10,,KAV DKI MERUYA,KAV DKI MERUYA,KDMS1,JL.,--,5,49,,-,10,KEMBANGAN,MERUYA UTARA,11620,,,,,,
FIBERHOME,BANTEN,TANGERANG SELATAN,TGRS,KAV DKI MERUYA RW.10,,KAV DKI MERUYA,KAV DKI MERUYA,KDMS1,JL.,--,6,49,,-,10,KEMBANGAN,MERUYA UTARA,11620,,,,,,
FIBERHOME,BANTEN,TANGERANG SELATAN,TGRS,KAV DKI MERUYA RW.10,,KAV DKI MERUYA,KAV DKI MERUYA,KDMS1,JL.,--,7,49,,-,10,KEMBANGAN,MERUYA UTARA,11620,,,,,,
FIBERHOME,BANTEN,TANGERANG SELATAN,TGRS,KAV DKI MERUYA RW.10,,KAV DKI MERUYA,KAV DKI MERUYA,KDMS1,JL.,--,3A,48,,-,10,KEMBANGAN,MERUYA UTARA,11620,,,,,,
FIBERHOME,BANTEN,TANGERANG SELATAN,TGRS,KAV DKI MERUYA RW.10,,KAV DKI MERUYA,KAV DKI MERUYA,KDMS1,JL.,--,32,41,,-,10,KEMBANGAN,MERUYA UTARA,11620,,,,,,
FIBERHOME,BANTEN,TANGERANG SELATAN,TGRS,KAV DKI MERUYA RW.10,,KAV DKI MERUYA,KAV DKI MERUYA,KDMS1,JL.,--,33,41,,-,10,KEMBANGAN,MERUYA UTARA,11620,,,,,,
FIBERHOME,BANTEN,TANGERANG SELATAN,TGRS,KAV DKI MERUYA RW.10,,KAV DKI MERUYA,KAV DKI MERUYA,KDMS1,JL.,--,37,41,,-,10,KEMBANGAN,MERUYA UTARA,11620,,,,,,
FIBERHOME,BANTEN,TANGERANG SELATAN,TGRS,KAV DKI MERUYA RW.10,,KAV DKI MERUYA,KAV DKI MERUYA,KDMS1,JL.,--,4,42,,-,10,KEMBANGAN,MERUYA UTARA,11620,,,,,,
FIBERHOME,BANTEN,TANGERANG SELATAN,TGRS,KAV DKI MERUYA RW.10,-,KAV DKI MERUYA,KAV DKI MERUYA,KDMS1,JL.,--,5-6,42,-,-,10,KEMBANGAN,MERUYA UTARA,11620,,,,,,
FIBERHOME,BANTEN,TANGERANG SELATAN,TGRS,KAV DKI MERUYA RW.10,,KAV DKI MERUYA,KAV DKI MERUYA,KDMS1,JL.,--,9,42,,-,10,KEMBANGAN,MERUYA UTARA,11620,,,,,,
FIBERHOME,BANTEN,TANGERANG SELATAN,TGRS,KAV DKI MERUYA RW.10,,KAV DKI MERUYA,KAV DKI MERUYA,KDMS1,JL.,--,10,42,,-,10,KEMBANGAN,MERUYA UTARA,11620,,,,,,
FIBERHOME,BANTEN,TANGERANG SELATAN,TGRS,KAV DKI MERUYA RW.10,,KAV DKI MERUYA,KAV DKI MERUYA,KDMS1,JL.,--,30-3,41,,-,10,KEMBANGAN,MERUYA UTARA,11620,,,,,,
FIBERHOME,BANTEN,TANGERANG SELATAN,TGRS,KAV DKI MERUYA RW.10,,KAV DKI MERUYA,KAV DKI MERUYA,KDMS1,JL.,--,6,43,,-,10,KEMBANGAN,MERUYA UTARA,11620,,,,,,
FIBERHOME,BANTEN,TANGERANG SELATAN,TGRS,KAV DKI MERUYA RW.10,-,KAV DKI MERUYA,KAV DKI MERUYA,KDMS1,JL.,--,8-9,43,-,-,10,KEMBANGAN,MERUYA UTARA,11620,,,,,,
FIBERHOME,BANTEN,TANGERANG SELATAN,TGRS,KAV DKI MERUYA RW.10,,KAV DKI MERUYA,KAV DKI MERUYA,KDMS1,JL.,--,8,48,,-,10,KEMBANGAN,MERUYA UTARA,11620,,,,,,
FIBERHOME,BANTEN,TANGERANG SELATAN,TGRS,KAV DKI MERUYA RW.10,,KAV DKI MERUYA,KAV DKI MERUYA,KDMS1,JL.,--,10,48,,-,10,KEMBANGAN,MERUYA UTARA,11620,,,,,,
FIBERHOME,BANTEN,TANGERANG SELATAN,TGRS,KAV DKI MERUYA RW.10,,KAV DKI MERUYA,KAV DKI MERUYA,KDMS1,JL.,--,11,49,,-,10,KEMBANGAN,MERUYA UTARA,11620,,,,,,
FIBERHOME,BANTEN,TANGERANG SELATAN,TGRS,KAV DKI MERUYA RW.10,,KAV DKI MERUYA,KAV DKI MERUYA,KDMS1,JL.,--,1,44,,-,10,KEMBANGAN,MERUYA UTARA,11620,,,,,,
FIBERHOME,BANTEN,TANGERANG SELATAN,TGRS,KAV DKI MERUYA RW.10,,KAV DKI MERUYA,KAV DKI MERUYA,KDMS1,JL.,--,3A,44,,-,10,KEMBANGAN,MERUYA UTARA,11620,,,,,,
FIBERHOME,BANTEN,TANGERANG SELATAN,TGRS,KAV DKI MERUYA RW.10,,KAV DKI MERUYA,KAV DKI MERUYA,KDMS1,JL.,--,5,44,,-,10,KEMBANGAN,MERUYA UTARA,11620,,,,,,
FIBERHOME,BANTEN,TANGERANG SELATAN,TGRS,KAV DKI MERUYA RW.10,,KAV DKI MERUYA,KAV DKI MERUYA,KDMS1,JL.,--,6,44,,-,10,KEMBANGAN,MERUYA UTARA,11620,,,,,,
FIBERHOME,BANTEN,TANGERANG SELATAN,TGRS,KAV DKI MERUYA RW.10,,KAV DKI MERUYA,KAV DKI MERUYA,KDMS1,JL.,--,7,44,,-,10,KEMBANGAN,MERUYA UTARA,11620,,,,,,
FIBERHOME,BANTEN,TANGERANG SELATAN,TGRS,KAV DKI MERUYA RW.10,,KAV DKI MERUYA,KAV DKI MERUYA,KDMS1,JL.,--,9,44,,-,10,KEMBANGAN,MERUYA UTARA,11620,,,,,,
FIBERHOME,BANTEN,TANGERANG SELATAN,TGRS,KAV DKI MERUYA RW.10,,KAV DKI MERUYA,KAV DKI MERUYA,KDMS1,JL.,--,10,44,,-,10,KEMBANGAN,MERUYA UTARA,11620,,,,,,
FIBERHOME,BANTEN,TANGERANG SELATAN,TGRS,KAV DKI MERUYA RW.10,,KAV DKI MERUYA,KAV DKI MERUYA,KDMS1,JL.,--,12,44,,-,10,KEMBANGAN,MERUYA UTARA,11620,,,,,,
FIBERHOME,BANTEN,TANGERANG SELATAN,TGRS,KAV DKI MERUYA RW.10,,KAV DKI MERUYA,KAV DKI MERUYA,KDMS1,JL.,--,14-15,44,,-,10,KEMBANGAN,MERUYA UTARA,11620,,,,,,
FIBERHOME,BANTEN,TANGERANG SELATAN,TGRS,KAV DKI MERUYA RW.10,,KAV DKI MERUYA,KAV DKI MERUYA,KDMS1,JL.,H.LEBAR,16,44,,-,10,KEMBANGAN,MERUYA UTARA,11620,,,,,,
FIBERHOME,BANTEN,TANGERANG SELATAN,TGRS,KAV DKI MERUYA RW.10,,KAV DKI MERUYA,KAV DKI MERUYA,KDMS1,JL.,H.LEBAR,17,44,,-,10,KEMBANGAN,MERUYA UTARA,11620,,,,,,
FIBERHOME,BANTEN,TANGERANG SELATAN,TGRS,KAV DKI MERUYA RW.10,,KAV DKI MERUYA,KAV DKI MERUYA,KDMS1,JL.,H.LEBAR,18,44,,-,10,KEMBANGAN,MERUYA UTARA,11620,,,,,,
FIBERHOME,BANTEN,TANGERANG SELATAN,TGRS,KAV DKI MERUYA RW.10,,KAV DKI MERUYA,KAV DKI MERUYA,KDMS1,JL.,H.LEBAR,19,44,,-,10,KEMBANGAN,MERUYA UTARA,11620,,,,,,
FIBERHOME,BANTEN,TANGERANG SELATAN,TGRS,KAV DKI MERUYA RW.10,,KAV DKI MERUYA,KAV DKI MERUYA,KDMS1,JL.,H.LEBAR,20,44,,-,10,KEMBANGAN,MERUYA UTARA,11620,,,,,,
FIBERHOME,BANTEN,TANGERANG SELATAN,TGRS,KAV DKI MERUYA RW.10,,KAV DKI MERUYA,KAV DKI MERUYA,KDMS1,JL.,H.LEBAR,22,44,,-,10,KEMBANGAN,MERUYA UTARA,11620,,,,,,
FIBERHOME,BANTEN,TANGERANG SELATAN,TGRS,KAV DKI MERUYA RW.10,,KAV DKI MERUYA,KAV DKI MERUYA,KDMS1,JL.,H.LEBAR,23,44,,-,10,KEMBANGAN,MERUYA UTARA,11620,,,,,,
FIBERHOME,BANTEN,TANGERANG SELATAN,TGRS,KAV DKI MERUYA RW.10,,KAV DKI MERUYA,KAV DKI MERUYA,KDMS1,JL.,H.LEBAR,15,45,,-,10,KEMBANGAN,MERUYA UTARA,11620,,,,,,
FIBERHOME,BANTEN,TANGERANG SELATAN,TGRS,KAV DKI MERUYA RW.10,,KAV DKI MERUYA,KAV DKI MERUYA,KDMS1,JL.,H.LEBAR,16,45,,-,10,KEMBANGAN,MERUYA UTARA,11620,,,,,,
FIBERHOME,BANTEN,TANGERANG SELATAN,TGRS,KAV DKI MERUYA RW.10,,KAV DKI MERUYA,KAV DKI MERUYA,KDMS1,JL.,H.LEBAR,17,45,,-,10,KEMBANGAN,MERUYA UTARA,11620,,,,,,
FIBERHOME,BANTEN,TANGERANG SELATAN,TGRS,KAV DKI MERUYA RW.10,,KAV DKI MERUYA,KAV DKI MERUYA,KDMS1,JL.,H.LEBAR,19,45,,-,10,KEMBANGAN,MERUYA UTARA,11620,,,,,,
FIBERHOME,BANTEN,TANGERANG SELATAN,TGRS,KAV DKI MERUYA RW.10,,KAV DKI MERUYA,KAV DKI MERUYA,KDMS1,JL.,H.LEBAR,20,45,,-,10,KEMBANGAN,MERUYA UTARA,11620,,,,,,
FIBERHOME,BANTEN,TANGERANG SELATAN,TGRS,KAV DKI MERUYA RW.10,,KAV DKI MERUYA,KAV DKI MERUYA,KDMS1,JL.,H.LEBAR,21,45,,-,10,KEMBANGAN,MERUYA UTARA,11620,,,,,,
FIBERHOME,BANTEN,TANGERANG SELATAN,TGRS,KAV DKI MERUYA RW.10,,KAV DKI MERUYA,KAV DKI MERUYA,KDMS1,JL.,H.LEBAR,22,45,,-,10,KEMBANGAN,MERUYA UTARA,11620,,,,,,
FIBERHOME,BANTEN,TANGERANG SELATAN,TGRS,KAV DKI MERUYA RW.10,,KAV DKI MERUYA,KAV DKI MERUYA,KDMS1,JL.,H.LEBAR,17.2,45,,-,10,KEMBANGAN,MERUYA UTARA,11620,,,,,,
FIBERHOME,BANTEN,TANGERANG SELATAN,TGRS,KAV DKI MERUYA RW.10,,KAV DKI MERUYA,KAV DKI MERUYA,KDMS1,JL.,H.LEBAR,25,44,,-,10,KEMBANGAN,MERUYA UTARA,11620,,,,,,
FIBERHOME,BANTEN,TANGERANG SELATAN,TGRS,KAV DKI MERUYA RW.10,,KAV DKI MERUYA,KAV DKI MERUYA,KDMS1,JL.,H.LEBAR,27,44,,-,10,KEMBANGAN,MERUYA UTARA,11620,,,,,,
FIBERHOME,BANTEN,TANGERANG SELATAN,TGRS,KAV DKI MERUYA RW.10,,KAV DKI MERUYA,KAV DKI MERUYA,KDMS1,JL.,H.LEBAR,28,44,,-,10,KEMBANGAN,MERUYA UTARA,11620,,,,,,
FIBERHOME,BANTEN,TANGERANG SELATAN,TGRS,KAV DKI MERUYA RW.10,,KAV DKI MERUYA,KAV DKI MERUYA,KDMS1,JL.,H.LEBAR,3,45,,-,10,KEMBANGAN,MERUYA UTARA,11620,,,,,,
FIBERHOME,BANTEN,TANGERANG SELATAN,TGRS,KAV DKI MERUYA RW.10,,KAV DKI MERUYA,KAV DKI MERUYA,KDMS1,JL.,H.LEBAR,8,45,,-,10,KEMBANGAN,MERUYA UTARA,11620,,,,,,
FIBERHOME,BANTEN,TANGERANG SELATAN,TGRS,KAV DKI MERUYA RW.10,,KAV DKI MERUYA,KAV DKI MERUYA,KDMS1,JL.,H.LEBAR,9,45,,-,10,KEMBANGAN,MERUYA UTARA,11620,,,,,,
FIBERHOME,BANTEN,TANGERANG SELATAN,TGRS,KAV DKI MERUYA RW.10,,KAV DKI MERUYA,KAV DKI MERUYA,KDMS1,JL.,H.LEBAR,10,45,,-,10,KEMBANGAN,MERUYA UTARA,11620,,,,,,
FIBERHOME,BANTEN,TANGERANG SELATAN,TGRS,KAV DKI MERUYA RW.10,,KAV DKI MERUYA,KAV DKI MERUYA,KDMS1,JL.,H.LEBAR,11,45,,-,10,KEMBANGAN,MERUYA UTARA,11620,,,,,,
FIBERHOME,BANTEN,TANGERANG SELATAN,TGRS,KAV DKI MERUYA RW.10,,KAV DKI MERUYA,KAV DKI MERUYA,KDMS1,JL.,H.LEBAR,15,49,,-,10,KEMBANGAN,MERUYA UTARA,11620,,,,,,
FIBERHOME,BANTEN,TANGERANG SELATAN,TGRS,KAV DKI MERUYA RW.10,,KAV DKI MERUYA,KAV DKI MERUYA,KDMS1,JL.,KUTILANG,14,99,,-,10,KEMBANGAN,MERUYA UTARA,11620,,,,,,
FIBERHOME,BANTEN,TANGERANG SELATAN,TGRS,KAV DKI MERUYA RW.10,,KAV DKI MERUYA,KAV DKI MERUYA,KDMS1,JL.,KUTILANG,15,99,,-,10,KEMBANGAN,MERUYA UTARA,11620,,,,,,
FIBERHOME,BANTEN,TANGERANG SELATAN,TGRS,KAV DKI MERUYA RW.10,,KAV DKI MERUYA,KAV DKI MERUYA,KDMS1,JL.,KUTILANG,16,99,,-,10,KEMBANGAN,MERUYA UTARA,11620,,,,,,
FIBERHOME,BANTEN,TANGERANG SELATAN,TGRS,KAV DKI MERUYA RW.10,,KAV DKI MERUYA,KAV DKI MERUYA,KDMS1,JL.,KUTILANG,17,99,,-,10,KEMBANGAN,MERUYA UTARA,11620,,,,,,
FIBERHOME,BANTEN,TANGERANG SELATAN,TGRS,KAV DKI MERUYA RW.10,,KAV DKI MERUYA,KAV DKI MERUYA,KDMS1,JL.,KUTILANG,18,99,,-,10,KEMBANGAN,MERUYA UTARA,11620,,,,,,
FIBERHOME,BANTEN,TANGERANG SELATAN,TGRS,KAV DKI MERUYA RW.10,,KAV DKI MERUYA,KAV DKI MERUYA,KDMS1,JL.,KUTILANG,19,99,,-,10,KEMBANGAN,MERUYA UTARA,11620,,,,,,
FIBERHOME,BANTEN,TANGERANG SELATAN,TGRS,KAV DKI MERUYA RW.10,,KAV DKI MERUYA,KAV DKI MERUYA,KDMS1,JL.,KUTILANG,20,99,,-,10,KEMBANGAN,MERUYA UTARA,11620,,,,,,
FIBERHOME,BANTEN,TANGERANG SELATAN,TGRS,KAV DKI MERUYA RW.10,,KAV DKI MERUYA,KAV DKI MERUYA,KDMS1,JL.,KUTILANG,22,99,,-,10,KEMBANGAN,MERUYA UTARA,11620,,,,,,
FIBERHOME,BANTEN,TANGERANG SELATAN,TGRS,KAV DKI MERUYA RW.10,,KAV DKI MERUYA,KAV DKI MERUYA,KDMS1,JL.,KUTILANG,23-24,99,,-,10,KEMBANGAN,MERUYA UTARA,11620,,,,,,
FIBERHOME,BANTEN,TANGERANG SELATAN,TGRS,KAV DKI MERUYA RW.10,,KAV DKI MERUYA,KAV DKI MERUYA,KDMS1,JL.,KUTILANG,13,100,,-,10,KEMBANGAN,MERUYA UTARA,11620,,,,,,
FIBERHOME,BANTEN,TANGERANG SELATAN,TGRS,KAV DKI MERUYA RW.10,,KAV DKI MERUYA,KAV DKI MERUYA,KDMS1,JL.,KUTILANG,14,100,,-,10,KEMBANGAN,MERUYA UTARA,11620,,,,,,
FIBERHOME,BANTEN,TANGERANG SELATAN,TGRS,KAV DKI MERUYA RW.10,,KAV DKI MERUYA,KAV DKI MERUYA,KDMS1,JL.,KUTILANG,15,100,,-,10,KEMBANGAN,MERUYA UTARA,11620,,,,,,
FIBERHOME,BANTEN,TANGERANG SELATAN,TGRS,KAV DKI MERUYA RW.10,,KAV DKI MERUYA,KAV DKI MERUYA,KDMS1,JL.,KUTILANG,16,100,,-,10,KEMBANGAN,MERUYA UTARA,11620,,,,,,
FIBERHOME,BANTEN,TANGERANG SELATAN,TGRS,KAV DKI MERUYA RW.10,,KAV DKI MERUYA,KAV DKI MERUYA,KDMS1,JL.,KUTILANG,17,100,,-,10,KEMBANGAN,MERUYA UTARA,11620,,,,,,
FIBERHOME,BANTEN,TANGERANG SELATAN,TGRS,KAV DKI MERUYA RW.10,,KAV DKI MERUYA,KAV DKI MERUYA,KDMS1,JL.,KUTILANG,27,99,,-,10,KEMBANGAN,MERUYA UTARA,11620,,,,,,
FIBERHOME,BANTEN,TANGERANG SELATAN,TGRS,KAV DKI MERUYA RW.10,,KAV DKI MERUYA,KAV DKI MERUYA,KDMS1,JL.,KUTILANG,28,99,,-,10,KEMBANGAN,MERUYA UTARA,11620,,,,,,
FIBERHOME,BANTEN,TANGERANG SELATAN,TGRS,KAV DKI MERUYA RW.10,,KAV DKI MERUYA,KAV DKI MERUYA,KDMS1,JL.,KUTILANG,29,99,,-,10,KEMBANGAN,MERUYA UTARA,11620,,,,,,
FIBERHOME,BANTEN,TANGERANG SELATAN,TGRS,KAV DKI MERUYA RW.10,,KAV DKI MERUYA,KAV DKI MERUYA,KDMS1,JL.,KUTILANG,30,99,,-,10,KEMBANGAN,MERUYA UTARA,11620,,,,,,
FIBERHOME,BANTEN,TANGERANG SELATAN,TGRS,KAV DKI MERUYA RW.10,,KAV DKI MERUYA,KAV DKI MERUYA,KDMS1,JL.,KUTILANG,31,99,,-,10,KEMBANGAN,MERUYA UTARA,11620,,,,,,
FIBERHOME,BANTEN,TANGERANG SELATAN,TGRS,KAV DKI MERUYA RW.10,,KAV DKI MERUYA,KAV DKI MERUYA,KDMS1,JL.,KUTILANG,32,99,,-,10,KEMBANGAN,MERUYA UTARA,11620,,,,,,
FIBERHOME,BANTEN,TANGERANG SELATAN,TGRS,KAV DKI MERUYA RW.10,,KAV DKI MERUYA,KAV DKI MERUYA,KDMS1,JL.,KUTILANG,34,99,,-,10,KEMBANGAN,MERUYA UTARA,11620,,,,,,
FIBERHOME,BANTEN,TANGERANG SELATAN,TGRS,KAV DKI MERUYA RW.10,,KAV DKI MERUYA,KAV DKI MERUYA,KDMS1,JL.,KUTILANG,3,100,,-,10,KEMBANGAN,MERUYA UTARA,11620,,,,,,
FIBERHOME,BANTEN,TANGERANG SELATAN,TGRS,KAV DKI MERUYA RW.10,,KAV DKI MERUYA,KAV DKI MERUYA,KDMS1,JL.,KUTILANG,4,100,,-,10,KEMBANGAN,MERUYA UTARA,11620,,,,,,
FIBERHOME,BANTEN,TANGERANG SELATAN,TGRS,KAV DKI MERUYA RW.10,,KAV DKI MERUYA,KAV DKI MERUYA,KDMS1,JL.,KUTILANG,5,100,,-,10,KEMBANGAN,MERUYA UTARA,11620,,,,,,
FIBERHOME,BANTEN,TANGERANG SELATAN,TGRS,KAV DKI MERUYA RW.10,,KAV DKI MERUYA,KAV DKI MERUYA,KDMS1,JL.,KUTILANG,6,100,,-,10,KEMBANGAN,MERUYA UTARA,11620,,,,,,
FIBERHOME,BANTEN,TANGERANG SELATAN,TGRS,KAV DKI MERUYA RW.10,,KAV DKI MERUYA,KAV DKI MERUYA,KDMS1,JL.,KUTILANG,7,100,,-,10,KEMBANGAN,MERUYA UTARA,11620,,,,,,
FIBERHOME,BANTEN,TANGERANG SELATAN,TGRS,KAV DKI MERUYA RW.10,,KAV DKI MERUYA,KAV DKI MERUYA,KDMS1,JL.,KUTILANG,8,100,,-,10,KEMBANGAN,MERUYA UTARA,11620,,,,,,
FIBERHOME,BANTEN,TANGERANG SELATAN,TGRS,KAV DKI MERUYA RW.10,,KAV DKI MERUYA,KAV DKI MERUYA,KDMS1,JL.,MERPATI,23,100,,-,10,KEMBANGAN,MERUYA UTARA,11620,,,,,,
FIBERHOME,BANTEN,TANGERANG SELATAN,TGRS,KAV DKI MERUYA RW.10,,KAV DKI MERUYA,KAV DKI MERUYA,KDMS1,JL.,MERPATI,29,100,,-,10,KEMBANGAN,MERUYA UTARA,11620,,,,,,
FIBERHOME,BANTEN,TANGERANG SELATAN,TGRS,KAV DKI MERUYA RW.10,,KAV DKI MERUYA,KAV DKI MERUYA,KDMS1,JL.,MERPATI,33,100,,-,10,KEMBANGAN,MERUYA UTARA,11620,,,,,,
FIBERHOME,BANTEN,TANGERANG SELATAN,TGRS,KAV DKI MERUYA RW.10,,KAV DKI MERUYA,KAV DKI MERUYA,KDMS1,JL.,MERPATI,37,100,,-,10,KEMBANGAN,MERUYA UTARA,11620,,,,,,
FIBERHOME,BANTEN,TANGERANG SELATAN,TGRS,KAV DKI MERUYA RW.10,,KAV DKI MERUYA,KAV DKI MERUYA,KDMS1,JL.,MERPATI,39,100,,-,10,KEMBANGAN,MERUYA UTARA,11620,,,,,,
FIBERHOME,BANTEN,TANGERANG SELATAN,TGRS,KAV DKI MERUYA RW.10,,KAV DKI MERUYA,KAV DKI MERUYA,KDMS1,JL.,MERPATI,40,100,,-,10,KEMBANGAN,MERUYA UTARA,11620,,,,,,
FIBERHOME,BANTEN,TANGERANG SELATAN,TGRS,KAV DKI MERUYA RW.10,,KAV DKI MERUYA,KAV DKI MERUYA,KDMS1,JL.,MERPATI,42,100,,-,10,KEMBANGAN,MERUYA UTARA,11620,,,,,,
FIBERHOME,BANTEN,TANGERANG SELATAN,TGRS,KAV DKI MERUYA RW.10,,KAV DKI MERUYA,KAV DKI MERUYA,KDMS1,JL.,MERPATI,1,102,,-,10,KEMBANGAN,MERUYA UTARA,11620,,,,,,
FIBERHOME,BANTEN,TANGERANG SELATAN,TGRS,KAV DKI MERUYA RW.10,,KAV DKI MERUYA,KAV DKI MERUYA,KDMS1,JL.,MERPATI,2,101,,-,10,KEMBANGAN,MERUYA UTARA,11620,,,,,,
FIBERHOME,BANTEN,TANGERANG SELATAN,TGRS,KAV DKI MERUYA RW.10,,KAV DKI MERUYA,KAV DKI MERUYA,KDMS1,JL.,MERPATI,3,101,,-,10,KEMBANGAN,MERUYA UTARA,11620,,,,,,
FIBERHOME,BANTEN,TANGERANG SELATAN,TGRS,KAV DKI MERUYA RW.10,,KAV DKI MERUYA,KAV DKI MERUYA,KDMS1,JL.,MERPATI,15,101,,-,10,KEMBANGAN,MERUYA UTARA,11620,,,,,,
FIBERHOME,BANTEN,TANGERANG SELATAN,TGRS,KAV DKI MERUYA RW.10,,KAV DKI MERUYA,KAV DKI MERUYA,KDMS1,JL.,GELATIK,21,101,,-,10,KEMBANGAN,MERUYA UTARA,11620,,,,,,
FIBERHOME,BANTEN,TANGERANG SELATAN,TGRS,KAV DKI MERUYA RW.10,,KAV DKI MERUYA,KAV DKI MERUYA,KDMS1,JL.,GELATIK,23,101,,-,10,KEMBANGAN,MERUYA UTARA,11620,,,,,,
FIBERHOME,BANTEN,TANGERANG SELATAN,TGRS,KAV DKI MERUYA RW.10,,KAV DKI MERUYA,KAV DKI MERUYA,KDMS1,JL.,GELATIK,23A,101,,-,10,KEMBANGAN,MERUYA UTARA,11620,,,,,,
FIBERHOME,BANTEN,TANGERANG SELATAN,TGRS,KAV DKI MERUYA RW.10,,KAV DKI MERUYA,KAV DKI MERUYA,KDMS1,JL.,GELATIK,26,101,,-,10,KEMBANGAN,MERUYA UTARA,11620,,,,,,
FIBERHOME,BANTEN,TANGERANG SELATAN,TGRS,KAV DKI MERUYA RW.10,,KAV DKI MERUYA,KAV DKI MERUYA,KDMS1,JL.,GELATIK,30A,101,,-,10,KEMBANGAN,MERUYA UTARA,11620,,,,,,
FIBERHOME,BANTEN,TANGERANG SELATAN,TGRS,KAV DKI MERUYA RW.10,,KAV DKI MERUYA,KAV DKI MERUYA,KDMS1,JL.,GELATIK,2,115,,-,10,KEMBANGAN,MERUYA UTARA,11620,,,,,,
FIBERHOME,BANTEN,TANGERANG SELATAN,TGRS,KAV DKI MERUYA RW.10,,KAV DKI MERUYA,KAV DKI MERUYA,KDMS1,JL.,GELATIK,3,115,,-,10,KEMBANGAN,MERUYA UTARA,11620,,,,,,
FIBERHOME,BANTEN,TANGERANG SELATAN,TGRS,KAV DKI MERUYA RW.10,,KAV DKI MERUYA,KAV DKI MERUYA,KDMS1,JL.,GELATIK,5,115,,-,10,KEMBANGAN,MERUYA UTARA,11620,,,,,,
FIBERHOME,BANTEN,TANGERANG SELATAN,TGRS,KAV DKI MERUYA RW.10,,KAV DKI MERUYA,KAV DKI MERUYA,KDMS1,JL.,GELATIK,1,116,,-,10,KEMBANGAN,MERUYA UTARA,11620,,,,,,
FIBERHOME,BANTEN,TANGERANG SELATAN,TGRS,KAV DKI MERUYA RW.10,,KAV DKI MERUYA,KAV DKI MERUYA,KDMS1,JL.,GELATIK,3,116,,-,10,KEMBANGAN,MERUYA UTARA,11620,,,,,,
